N;Номенклатура;Количество;Цена;
1; EF-GS936CBEGRU S936 (S25+) STANDING GRIP COVER BLACK;1,000;;
2; EF-GS938CWEGRU S938 (S25 ULTRA) STANDING GRIP COVER WHITE;40,000;;
3; EF-PS931CBEGRU S931 (S25) SILICONE CASE BLACK;54,000;6,11;
4; EF-PS936CMEGRU S936 (S25+) SILICONE COVER MINT;6,000;;
5; EF-RA366CBEGRU A366 (A36) RUGGED COVER BLACK;60,000;;
6; EF-RS936CBEGRU S936 (S25+) RUGGED COVER BLACK;62,000;;
7; RECKE AIR CONDITIONER RC-ISAC12R32;12,000;215,62;
8; RECKE AIR CONDITIONER RC-SAC18R32;3,000;322,45;
9; XIAOMI TV A 65 2026 (L65MB-ARU);2,000;435,00;
10;AC16DRAC48FSAC48;1,000;1 000,00;
11;AD01DDF18CB8600ERLP;1,000;1 300,00;
12;Air Purifier Panasonic F-VXH50M;1,000;200,00;
13;Alberta CHINGILLI OGLU SUSHILKA 950;1,000;18,50;
14;ARISTON ABS PRO R 50V BOILER;1,000;128,00;
15;ARISTON BLU R ABS 50V BOILER;3,000;147,00;
16;ARISTON LYDOS ECO 50V 1.8K EU BOILER;1,000;177,00;
17;Arzum AR 062 WENTILYATOR;1,000;30,00;
18;Arzum AR 2017 HLEBOPECHKA;1,000;65,00;
19;Arzum AR 3014 CHAYNIK;1,000;30,00;
20;Arzum AR 461 PYLESOS;2,000;90,00;
21;Arzum AR 688 UTUG;1,000;30,00;
22;AUX 40 KONDISIONER;1,000;305,00;
23;BABYLISS AS120SDE HAIR DRYING STALER ;1,000;49,32;
24;BABYLISS C1100SDE STRAIGHTENER ;1,000;100,37;
25;BABYLISS I-PRO ST395E STRAIGHTENER ;2,000;100,37;
26;Babyverse BA-243 SACH UTUG;1,000;9,00;
27;BABYVERSE BA-8819 FEN;1,000;8,00;
28;BABYVERSE SE-A3 PLOYKA DLYA ZAWIWKI;1,000;24,80;
29;BALLARINI GAPAK 18SM;2,000;2,00;
30;BALLARINI GAPAK 20SM;1,000;3,00;
31;BALLARINI GAPAK 26SM ;3,000;3,00;
32;BALLARINI GAPAK 28SM;1,000;2,00;
33;BALLARINI GAPAK 32SM;2,000;5,00;
34;Baseus Pawer Bank  Wireless Charger Roze;1,000;25,00;
35;BASS AK PAKETI;1,000;4,90;
36;BBY-100 FEN;2,000;11,50;
37;Berg 2500 (plesos) ;1,000;110,00;
38;BERG DSZF20-LJ 100L BOYLER;1,000;130,00;
39;BOMA BM-133TB MIKSER;1,000;35,00;
40;BORCH BD-240 MOROZILNIK;1,000;220,00;
41;BOSCH CTL636ES1 COFFEMASHINA  Цвет черный;1,000;1 600,00;
42;BOSCH MSM4W421 POGRUJNOY BLENDER;1,000;75,00;
43;BOSCH TIE20504 COFFEMASHINA BLACK;1,000;570,00;
44;BOSCH TIS65429RW COFFEMASHINA BLACK;1,000;830,00;
45;BRAUN FX3030 KUHONNYY KOMBAYN;2,000;40,00;
46;BRAUN KETTLE WK301AI WHITE;1,000;20,00;
47;BRAUN KETTLE WK302AI BLACK;1,000;20,00;
48;BRAUN KETTLE WK302AI WHITE;1,000;20,00;
49;BRAUN MQ7045 BLENDER;1,000;120,00;
50;BRAUN MQ9135 (HB901AI) blender;1,000;70,00;
51;BRAUN парогенератор IS5145WH;1,000;200,00;
52;CALOC EC75T KRONSHTEYN;1,000;14,00;
53;CALOC Q6 KRONSHTEYN;6,000;25,00;
54;CALOC T2 KRONSHTEYN;1,000;22,00;
55;CF11DHCE200F199Lt;1,000;185,00;
56;CF16D384BD352;1,000;250,00;
57;CF16D391300E;1,000;190,00;
58;CF16DBD418;1,000;250,00;
59;CH11DHVX-T642GW;1,000;75,00;
60;CH11DHVX-T671W;1,000;60,00;
61;CINGILLIOGLU CC-101 SUSHILKA;1,000;10,00;
62;CINGILLIOGLU CC-202 SUSHILKA;1,000;14,50;
63;CRONIER CR-2062 230C SACH UTUG ;1,000;6,25;
64;CROSLEY CR8017 AUDIO PLASTER;1,000;200,00;
65;DALUW VI DALUW 100L BOYLER;2,000;113,00;
66;DAYSEN 8821 FEN;2,000;12,50;
67;Deerma Hunidifier, 5 liter;1,000;65,00;
68;DELONGHI KBLA2000 R ELEKTRIK CHAYNIK;1,000;50,00;
69;DELONGHI KBLA2001 R ELEKTRIK CHAYNIK;1,000;65,00;
70;DELONGHI кофемашина ECAM21.117.SB;1,000;450,00;
71;DELONGHI кофемашина ECAM220.51.B;1,000;500,00;
72;DELONGHI кофемашина EXAM440.35.B;1,000;600,00;
73;DELONGHI рожковая кофемашина ECP33.21.BK;1,000;120,00;
74;DELONGHI рожковая кофемашина ECP35.31;1,000;130,00;
75;DELONGIHI Coffee Machine PrimaDonna CLASS ECAM550.85.MS;1,000;1 100,00;
76;DELONGIHI Coffee Machine PrimaDonna ELITE ECAM650.75.MS;1,000;1 385,00;
77;DF602 KRONICTEYIN;1,000;10,00;
78;DIVAKI DS-H126AYS 12000 BTU;2,000;175,00;
79;DIVAKI DS-IH12AYS 12000 BTU INVERTER;2,000;210,00;
80;DR01DDV90T5240AT/LP;2,000;535,00;
81;DR01DDV90T6240LX/LP;1,000;625,00;
82;EARPHONES BEATS AUDIO BY DR DRE UBEATS B0547 WIRED WHITE [ORIGINAL] (HEADB0547);1,000;13,00;
83;EF-BX810PBEGRU X810 (TAB A9+) SMART BOOK COVER BLACK;1,000;;
84;EF-MF956TJEGRU F956 (Z FOLD 6) SILICONE CASE GRAY;2,000;;
85;EF-OA266TBEGRU A266 (A26) CARD SLOT BLACK;9,000;;
86;EF-OA266TLEGRU A266 (A26) CARD SLOT COVER BLUE;30,000;;
87;EF-OA366TBEGRU A366 (A36) CARD  SLOT COVER BLACK ;30,000;;
88;EF-OA366TLEGRU A366 (A36) CARD SLOT COVER BLUE;10,000;;
89;EF-OA566TBEGRU A566 (A56) CARD SLOT COVER BLACK;31,000;1,13;
90;EF-OA566TLEGRU A566 (A56) CARD SLOT COVER BLUE;13,000;;
91;EF-PA366CBEGRU A366 (A36) SILICONE COVER  BLACK;6,000;;
92;EF-PA366CGEGRU A366 (A36) SILICONE COVER LIGHT GREEN;20,000;;
93;EF-PA366CVEGRU A366 (A36) SILICONE COVER LAVENDER;30,000;;
94;EF-PA566CBEGRU A566 (A56) SILICONE COVER BLACK;7,000;;
95;EF-PA566CGEGRU A566 (A56) SILICONE COVER SAGE GREEN;29,000;;
96;EF-PA566CPEGRU A566 (A56) SILICONE COVER PINK;9,000;;
97;EF-PS931CLEGRU S931 (S25) SILICONE CASE LIGHT BLUE;3,000;;
98;EF-PS931CREGRU S931 (S25) SILICONE CASE RED;22,000;;
99;EF-PS936CBEGRU S936 (S25+) SILICONE COVER BLACK;17,000;;
100;EF-PS936CLEGRU S936 (S25+) SILICONE COVER LIGHT BLUE;18,000;;
101;EF-PS936CNEGRU S936 (S25+) SILICONE COVER BLUE;22,000;6,82;
102;EF-PS936CREGRU S936 (S25+) SILICONE COVER RED;10,000;;
103;EF-PS938CBEGRU S938 (S25 ULTRA) SILICONE COVER BLACK;3,000;;
104;EF-PS938CLEGRU S938 (S25 ULTRA) SILICONE COVER LIGHT BLUE;4,000;;
105;EF-PS938CMEGRU S938 (S25 ULTRA) SILICONE COVER MINT;1,000;;
106;EF-PS938CREGRU S938 (S25 ULTRA) SILICONE COVER RED;16,000;2,81;
107;EF-QS931CTEGRU S931 (S25) CLEAR COVER TRANSPARENT;51,000;;
108;EF-QS936CTEGRU S936 (S25+) CLEAR COVER TRANSPARENT;52,000;;
109;EF-QS938CTEGRU S938 (S25 ULTRA) CLEAR COVER TRANSPARENT;72,000;2,08;
110;EF-RA266CBEGRU A266 (A26) RUGGED COVER BLACK;72,000;0,69;
111;EF-RA566CBEGRU A566 (A56) RUGGED COVER BLACK;41,000;;
112;EF-RS931CBEGRU S931 (S25) RUGGED COVER BLACK;16,000;;
113;EF-RS938CBEGRU S938 (S25 ULTRA) RUGGED COVER BLACK;42,000;;
114;EF-ZF766CTEGRU F766 (FLIP 7) FLIPSUIT CASE TRANSPARENT;40,000;;
115;Emsa 1.9L Termos;1,000;15,00;
116;FLASH DRIVE DAHUA 32GB U156 USB2.0 METAL/SILVER [DHI-USB-U156-20-32GB] (FLD32GU156);5,000;4,00;
117;FLASH DRIVE DAHUA 64GB U156 USB2.0 METAL/SILVER [DHI-USB-U156-20-64GB] (FLDA64GU156);5,000;4,50;
118;FLASH DRIVE PHILIPS 64GB VIVID USB2.0/PURPLE [FM64FD05] (FLPH64GFD05B);5,000;5,00;
119;FLASH DRIVE SANDISK 256GB ULTRA DUAL M3.0 MICROUSB BLACK [SDDD3-256G-G46] (FLSA256GSDDD3);5,000;23,00;
120;FLASH DRIVE SANDISK 32GB CRUZER BLADE USB2.0 [SDCZ50-032G-B35] (FLSA32GZ50);5,000;4,00;
121;GAMING MOUSE PAD RAPOO V1 MEDIUM 300x255 BLACK (MOUPRV1L);1,000;3,50;
122;GAMING MOUSE RAPOO VT1PRO WIRED+WIRELESS/BLACK+WHITE (MOURVT1PROBLK);1,000;35,00;
123;GC01DNA64H3010AS/WT ;4,000;160,00;
124;GC01DNA64H3030BS/WT;4,000;180,00;
125;GC11DHHX-M64RFW;1,000;130,00;
126;GEEPAS GM-6761 MYASORUBKA;1,000;70,00;
127;GORENJE FDK24DW SUSHILKA DLYA PRODUKTOW;1,000;50,00;
128;GORENJE FDK50GCW SUHOFRUKTO;2,000;45,00;
129;GORENJE K17CLIN ELEKTRIK CHAYNIK;1,000;50,00;
130;GORENJE M450XG MIXER;2,000;25,00;
131;GORENJE M500DCBK MIXER;1,000;40,00;
132;GORENJE REFRIGERATOR NRKI4182P1;2,000;530,00;
133;GORENJE VB22/300 PAKET DLYA WAKUUMA 3ST 22SM*300SM;3,000;10,00;
134;GORENJE VB28/300 PAKET DLYA WAKUUMA 3ST 28SM*300SM;3,000;11,00;
135;GRAIN RAIN GR-336 7 PCS PYCHAK NABOR ;3,000;8,10;
136;GREE NYWK 22-25-13 OBOGREWATEL;1,000;52,00;
137;GS01DNA64H3030AS/WT;1,000;175,00;
138;HAEGER HG-3368 MYASORUBKA;1,000;45,00;
139;HAIER AIR CONDITIONER 1U50RF1FRA-OUT:HR/OUTDOOR/INV;1,000;285,00;
140;HAIER AIR CONDITIONER AS50RF1HRA-IN:HR/INDOOR/INV;1,000;100,00;
141;HAIER BUILT IN COOKER HOOD HVX-T662BB;2,000;90,00;
142;HAIER BUILT IN COOKER HOOD HVX-T671X;1,000;60,00;
143;HAIER BUILT IN COOKER HOOD HVX-W692GW;1,000;110,00;
144;HAIER BUILT IN COOKER HOOD HVX-W992GBA ;1,000;122,50;
145;HAIER BUILT IN ELECTRIC COOKTOP HHX-C64TDVB;1,000;145,00;
146;HAIER BUILT IN ELECTRIC OVEN HOQ-F3AAN3GB;1,000;260,00;
147;HAIER BUILT IN ELECTRIC OVEN HOQ-K2ANN3WB;1,000;230,00;
148;HAIER BUILT IN ELECTRIC OVEN HOX-P11CGBX;1,000;275,00;
149;HAIER BUILT IN ELECTRIC OVEN HOX-T08AMTB;1,000;205,00;
150;HAIER BUILT IN MICROWAVE OVEN HMX-BDG259LX;1,000;130,00;
151;HAIER BUILT IN MICROWAVE OVEN HMX-BTG259W;1,000;150,00;
152;HAIER CHEST FREEZER HCE251F 251Lt;1,000;230,00;
153;HAIER ES50V-V1 BOYLER;1,000;110,00;
154;HAIER HVX-BI662X;1,000;120,00;
155;HAIER WATER HEATER ES100V-TF7(R);1,000;195,00;
156;HAIER WATER HEATER ES100V-VH3(EU);1,000;120,00;
157;HAIER WATER HEATER ES30V-VH3(EU);1,000;90,00;
158;HAIER WATER HEATER ES50V-HE2(TM);2,000;75,00;
159;HAIER WATER HEATER ES50V-VH3(EU);2,000;100,00;
160;HAIER WATER HEATER ES80V-HE2(TM);2,000;90,00;
161;HAIER WATER HEATER ES80V-VH3(EU);2,000;115,00;
162;HD01DNK24C7070WB/UR;1,000;290,00;
163;HEADPHONES JBL TUNE 520BT OVER EAR/UP TO 57HOUR/BLUETOOTH/PURPLE [JBLT520BTPUREU] (HEADJBLT520BTPURE;1,000;37,00;
164;HEADPHONES JBL TUNE 520BT OVER EAR/UP TO 57HOUR/BLUETOOTH/WHITE [JBLT520BTWHTEU] (HEADJBLT520BTWHTEU;1,000;37,00;
165;HISENSE RVCLS144AB ROBOT PLESOS ;1,000;550,00;
166;HITACHI CV-950F PYLESOS;2,000;109,58;
167;HITACHI REFRIGERATOR HRTN6443 SUCS ;1,000;540,00;
168;HITACHI REFRIGERATOR HRTN7489DF BSL;2,000;620,00;
169;HITACHI REFRIGERATOR HRTN7489DF GBK;1,000;670,00;
170;HITACHI REFRIGERATOR R-V660PUC7 PWH;1,000;680,00;
171;HITACHI REFRIGERATOR R-V660PUC7 TWH;1,000;680,00;
172;HITACHI REFRIGERATOR R-VG660PUC7 GBK;1,000;750,00;
173;HITACHI REFRIGERATOR R-VG660PUC7 GGR;1,000;750,00;
174;HITACHI REFRIGERATOR R-VG660PUC7 GPW;1,000;750,00;
175;HITACHI REFRIGERATOR R-W660PUC7 GBE;1,000;850,00;
176;HITACHI REFRIGERATOR R-W660PUC7 GPW;1,000;850,00;
177;HOME DESIGNH HDL-117B-2 KRONSHTEYN;3,000;7,00;
178;Honor 400 12/256 Black 1 yyl Prochyy;1,000;321,00;
179;Honor 400 12/512 Gold 1 yyl Prochyy;1,000;345,00;
180;Honor 400 8/256 Black 1 yyl Prochyy;1,000;295,00;
181;Honor X5c 4/64 Black 1 yyl Prochyy;2,000;70,00;
182;Honor X6c 6/256 Black 1 yyl Prochyy;1,000;115,00;
183;Honor X7d 8/256 Black 1 yyl Prochyy;1,000;153,00;
184;Honor X9d 8/256 Graphity 1 yyl Prochyy;1,000;256,00;
185;HYUNDAI 09-LYK KONDISIONER;1,000;175,00;
186;HYUNDAI 12SACTP11-12 KONDISIONER;1,000;200,00;
187;HYUNDAI 18-LIK KONDISIONER;1,000;315,00;
188;HYUNDAI HY -SLVACEL51-12;1,000;220,00;
189;KALOC E10-T KRONSHTEYN;5,000;5,50;
190;KALOC E2-T KRONSHTEYN;3,000;12,00;
191;KALOC E3T KRONSHTEYN;1,000;13,25;
192;KALOC H10 KRONSHTEYN;2,000;65,00;
193;KALOC H10PRO KRONSHTEYN;5,000;70,00;
194;KALOC Q4 KRONSHTEYN;3,000;20,00;
195;KALOC Q5 KRONSHTEYN;3,000;22,00;
196;KALOC Q6 KRONSHTEYN;5,000;25,00;
197;KALOC S9 KRONSHTEYN;1,000;38,00;
198;KALOC S9PRO KRONSHTEYN;4,000;40,00;
199;KALOC T1 KRONSHTEYN;2,000;21,00;
200;KALOC T2 KRONICTEYN;1,000;20,00;
201;KEYBOARD + MOUSE RAPOO 8000M/WIRELESS/BT/ENG-RUS/BLACK (KBMRAP8000M);1,000;15,00;
202;KEYBOARD LOGITECH K230/WIRELESS/ENG-RUS/BLACK (KBLK230);1,000;20,00;
203;KEYBOARD RAPOO E9050L WIRELESS/ULTRA SLIM/ENG-RUS/DARK GRAY (KBRE9050LGR);1,000;24,00;
204;KEYBOARD RAPOO E9050L WIRELESS/ULTRA SLIM/ENG-RUS/WHITE (KBRE9050LWH);1,000;24,00;
205;KLEO WYTYAJKA AK;1,000;35,00;
206;KLEO WYTYAJKA GARA;1,000;40,00;
207;Krups F08801 Filter cartridge for coffee maker;5,000;16,00;
208;KS-5002 PYCHAK KITAP;1,000;5,00;
209;LED LCD 32-70 KRONICTEYN;1,000;10,00;
210;LED LCD KRONSHTEYN;9,000;14,00;
211;LEXICAL LX-2689 TERMOS;1,000;8,00;
212;LEXICAL LX-4002-8 PYLESOS ;1,000;36,00;
213;LG AIR CONDITIONER A09FT.NSFR;1,000;260,00;
214;LG AIR CONDITIONER A09FT.UL2R;1,000;420,00;
215;LG AIR CONDITIONER B24TS.NSKC;1,000;205,00;
216;LG AIR CONDITIONER B24TS.U24C;1,000;430,00;
217;LG AIR CONDITIONER D09TT2.NSAR;1,000;120,00;
218;LG AIR CONDITIONER D09TT2.UA3R;1,000;220,00;
219;LG AIR CONDITIONER D12TT.NSJ;1,000;120,00;
220;LG AIR CONDITIONER D12TT.UA3;1,000;220,00;
221;LG CLOTHES DRYER DC90V5V0W.BBWPCOM;1,000;530,00;
222;LG DISHWASHER BUILT IN DB475TXS.AASPCIS;1,000;550,00;
223;LG MICROWAVE OVEN MS2042DY;1,000;75,00;
224;LG MICROWAVE OVEN MS2044V;2,000;75,00;
225;LG REFRIGERATOR GC-J257SMKV;1,000;1 100,00;
226;LG REFRIGERATOR GC-J257SQKV;2,000;1 050,00;
227;LG REFRIGERATOR GC-X24FFCBB;1,000;1 520,00;
228;LG REFRIGERATOR GN-B332SMGB;2,000;450,00;
229;LG REFRIGERATOR GN-B332SQGB;1,000;380,00;
230;LG SOUND BAR S40T.DRUSLLK;1,000;150,00;
231;LG TV LED 100QNED86A6;1,000;3 400,00;
232;LG TV LED 32LQ630B6LA;3,000;145,00;
233;LG TV LED 50NANO80A6B;1,000;320,00;
234;LG TV LED 50NANO81A6A;1,000;340,00;
235;LG TV LED 50QNED756RA;1,000;445,00;
236;LG TV LED 55NANO81A6A;1,000;420,00;
237;LG TV LED 55UR91006LA;1,000;410,00;
238;LG TV LED 65UT81009LB;1,000;530,00;
239;LG TV LED 75UT80006LA;1,000;775,00;
240;LG TV LED OLED83C5RLA;1,000;2 900,00;
241;LG VACUUM CLEANER VC5420NHTR;1,000;75,00;
242;LG VACUUM CLEANER VC5420NHTW;1,000;75,00;
243;LG VACUUM CLEANER VC73189NHTR;2,000;80,00;
244;LG VACUUM CLEANER VK69662N;3,000;53,33;
245;LG WASH TOWER W4W8LVPKZHM.APBPQOM;1,000;1 700,00;
246;LG WASHING MACHINE F2J3WS4W ;1,000;275,00;
247;LG WASHING MACHINE F2T9GW9P;1,000;400,00;
248;LG WASHING MACHINE F2V3GS6W;1,000;325,00;
249;LG WASHING MACHINE F2V5HS0W;2,000;321,25;
250;LG WASHING MACHINE F2V7GW1W;3,000;438,33;
251;LG WASHING MACHINE F2Y1HS5W;2,000;330,00;
252;LG WASHING MACHINE F2Y1HS6JL.AMBPCOM;1,000;315,00;
253;LG WASHING MACHINE F2Y1HS6W;1,000;290,00;
254;LG WASHING MACHINE F2Y1NS3WL;2,000;248,09;
255;LG WASHING MACHINE F2Y1NS5W;1,000;265,00;
256;LG WASHING MACHINE F2Y1NS6W;1,000;255,00;
257;LG WASHING MACHINE F2Y1VS5J;1,000;385,00;
258;LG WASHING MACHINE F2Y1VS5W;2,000;370,00;
259;LUXTEL EE6640F gaz plita;1,000;170,00;
260;MERCURY PTA100V boyler;1,000;105,00;
261;MERCURY PTA50V boyler;2,000;75,00;
262;MERCURY PTA80V boyler;3,000;90,00;
263;MICROSD HIKVISION 32GB CLASS10 92MB/S + ADAPTER [HS-TF-C1(STD)/32G] (MICSDHV32GBC10);5,000;4,50;
264;MICROSD HIKVISION 64GB CLASS10 92MB/S + ADAPTER [HS-TF-C1(STD)/64G] (MICSDHV64GBC10);5,000;5,00;
265;MICROSD KIOXIA BY TOSHIBA 32GB CLASS10 WITH ADAPTER [LMEX1L032GG2] (MICSDKI32G);5,000;5,00;
266;MICROSD LEXAR 32GB CLASS10 100MB/S WITHOUT ADAPTER [LMS0633032G-BNNNG] (MICSDLE32GCL10);5,000;5,00;
267;MIDEA 405 MOROZILNIK;1,000;240,00;
268;MIDEA AG-09N8D1 (135V) Kondisioner;3,000;220,00;
269;Midea AG-12N8D-B ;3,000;290,00;
270;MIDEA AG-12N8D1 (80V) Kondisioner;5,000;265,15;
271;Midea AG-18N8D-B;1,000;430,00;
272;MIDEA AG-18N8D1 (135V) Kondisioner;4,000;395,00;
273;Midea EZ2-12HRFN8 ;3,000;295,00;
274;Midea EZ2-18HRFN8;2,000;435,00;
275;MIDEA MDRC345FZ01 MOROZILNIK;1,000;220,00;
276;MK-6545 ( MATAKUMI ) PYCHAK NABOR;1,000;13,30;
277;MOULINEX KE03-A ELEKTRIK CHAYNIK ;1,000;80,00;
278;MOULINEX ME460132 MEAT MINCER;1,000;85,00;
279;MOULINEX ME472832 (myasorubka);1,000;115,00;
280;MOULINEX ME478138 MEAT MINCER;1,000;96,00;
281;MOULINEX ME620132 (myasorubka);1,000;110,00;
282;Moulinex OW250132 Hlebopech /Bread maker;1,000;132,00;
283;MOULINEX QA51K110 KITCHEN MACHINE;2,000;142,50;
284;MOUNT MUT0063 KRONSHTEYN;3,000;12,00;
285;MOUNTUP MU0015 KRONSHTEYN;1,000;75,00;
286;MOUSE DELL WM126 OPTICAL/WIRELESS/BLACK (MOUDWM126);1,000;9,00;
287;MOUSE HP M10 OPTICAL/WIRED/BLACK (MOUHM10);1,000;4,00;
288;MOUSE PAD RAZER MANTIS SPEED LKSM-X7 BLACK (MOUPRX7);1,000;1,00;
289;MOUSE RAPOO N1200 SILENT/OPTICAL/WIRED/BLACK (MOURN1200SL);1,000;4,00;
290;MW01DMG23K3575AK/BW;2,000;106,00;
291;MW01DMG23K3575AS/BW;2,000;97,50;
292;MW01DMG30T5018AK/BW;2,000;110,00;
293;MW01DMS20A7013AT/BW;1,000;142,00;
294;MW01DMS23DG4504ATBW;4,000;81,63;
295;MW01DMS23K3513AK/BW;1,000;85,00;
296;MW01DMS23K3614AW/BW;2,000;75,00;
297;MW02DMS2535GISH ;3,000;110,00;
298;MW11DHMX-BTG207B;1,000;165,00;
299;MW11DHMX-BTG259X;1,000;155,00;
300;NEOS HM150 MIXER;2,000;18,00;
301;NETWORK SWITCH TENDA S105 5PORT 10/100MBIT (NETTS105);1,000;5,50;
302;Nikai NDI-714N UTUG;1,000;17,00;
303;Nikai NK-566A OTPARIWATEL;1,000;40,00;
304;NIKAI NK662NX ELEKTRIK CHAYNIK;1,000;55,00;
305;NIKAI NMG745 MYASORUBKA;1,000;68,00;
306;NIKAI NOH-844A 2900W OBOGREWATEL;1,000;60,00;
307;NIKAI NTM3939SS NABOR CHAYNIKOW;1,000;45,00;
308;NIKAI NWD 2024R kuller;2,000;120,00;
309;NIKAI NWM528N (wafelnitsa);1,000;15,00;
310;NMG742RU MYASORUBKA;2,000;42,50;
311;NMG746U MYASORUBKA;1,000;45,00;
312;NOTEBOOK ASUS VIVOBOOK X1504ZA-NJ379 CPU CI7 1355U(10/12)/RAM 8GB/SSD 512GB/VGA;1,000;525,00;
313;"NOTEBOOK HP 15-FD0602TU CPU CI-7 1255U(10/12)/RAM 8GB/SSD 512GB/VGA SHARED/15.6""";1,000;530,00;
314;"NOTEBOOK HP 15-FD1085CL CPU CORE ULTRA 5 120U(10/12)/RAM 12GB/SSD 512GB/VGA SHARED/15.6"" FHD TOUCH/B";1,000;535,00;
315;"NOTEBOOK HP 250G9 CPU CELERON N4500/RAM 4GB/SSD 256GB/VGA SHARED/15.6""FHD";1,000;245,00;
316;"NOTEBOOK LENOVO THINKBOOK TB14 G6 CPU I-5 13420H(8/12)/RAM 8GB/SSD 512GB/VGA SHARED/14.0"" WUXGA/IPS/";1,000;525,00;
317;NOTEBOOK LENOVO V15-IJL CPU CELERON N4500 (2/2)/RAM 8GB/SSD 256GB/VGA SHARED/15.6 FHD GREY;1,000;260,00;
318;ODUL OE 5040 BL Gazplita;1,000;115,00;
319;ODUL OE 5040 W Gazplita;1,000;115,00;
320;ODUL OE 6040 BL Gazplita;1,000;160,00;
321;ODUL OE 6040 BLF Gazplita;1,000;175,00;
322;ODUL OE 6040 IX Gazplita;1,000;195,00;
323;ODUL OE 6040 IXF Gazplita;1,000;215,00;
324;ODUL OM 6031 IX Gazplita;1,000;180,00;
325;ORICO USB 3.0 Hub, 4 Port USB3.0 Clip-Type Aluminum Alloy Portable;1,000;25,00;
326;ORVIKA OR2010TTP CHAYNIK;2,000;10,00;
327;OV01DNV68A1145RS/WT;1,000;245,00;
328;OV01DNV7B41201AK/WT;1,000;336,66;
329;Philips Avance Collection Nourishing Kettle HD9450/18;1,000;170,00;
330;PHILIPS BHH777/00 CURLER;1,000;34,25;
331;Philips Coffee Maker Grind & Brew HD7762;1,000;275,00;
332;PHILIPS DST7040/80 UTUG;1,000;70,00;
333;PHILIPS DST7040/86 UTUG;2,000;63,00;
334;PHILIPS FC7012/01 STEAM CLEANER;1,000;72,42;
335;PHILIPS FC8055/01 REPLACEMENT KIT (for FC7012);2,000;9,60;
336;Philips Hair Dryer DryCare HP8238/00;1,000;50,00;
337;PHILIPS HC3400/15 HAIR CLIPPER;2,000;26,30;
338;PHILIPS HC3418/15 HAIR CLIPPER;2,000;34,61;
339;PHILIPS HC5410/15 CLIPPER;2,000;35,99;
340;PHILIPS HD2394 PANINI MAKER;1,000;93,76;
341;PHILIPS HD9350 ELEKTRIK CHAYNIK;1,000;45,00;
342;PHILIPS HP863100 STYLER/CURLER;2,000;38,21;
343;PHILIPS HR1388 SALAD MAKER;1,000;56,00;
344;PHILIPS QT4015/15 BEARDTRIMMER;2,000;55,36;
345;PIZZA PAN DC-4209 ELEKTRIK SKOWORODKA;1,000;14,50;
346;POCO M7 PRO 12+512 GB BLACK PROCHIY;1,000;179,00;
347;POCO M8 PRO 12+512 GB BLACK PROCHIY;1,000;324,50;
348;POCO M8 PRO 12+512 GB SILVER PROCHIY;1,000;324,00;
349;POUCH FOR EXTERNAL HDD M.2 ORICO-M2PH02-BL-BP BLUE (HDDEPM2PH02);1,000;2,70;
350;POUCH FOR EXTERNAL HDD ORICO-PHB-25-BL BLUE (HDDEPPHB25BL);1,000;2,80;
351;PRESINO MW023DB (mikrowolnowka);1,000;50,00;
352;PRESINO MW023WH (mikrowolnowka);3,000;45,00;
353;PRESINO TV 32D5000 tunerli;2,000;65,00;
354;PRESINO TV 43U5000 (android);5,000;101,58;
355;PRESINO TV 75G8000;2,000;450,00;
356;PRESINO WATER HEATER PWH-100Y6A3 100L BOYLER;2,000;95,00;
357;PRINTER CANON I-SENSYS MF275DW LASER/4 IN 1/A4/B-W/DUPLEX/ADF/FAX/WIFI/LAN [CART 071H] (PRINC275DW);1,000;265,00;
358;PROLISS PRO2868 MYASORUBKA;1,000;66,00;
359;Proscenic Ultrasonic Humidifie 807C, 5,5 liter;1,000;125,00;
360;RAF R.1183 2000W TEPLOWENTILYATOR;1,000;6,00;
361;RAF R.416 5in1 FEN;1,000;14,70;
362;RAF R.7846 ELEKTRIK CHAYNIK;1,000;6,00;
363;RAF R.7889 ELEKTRIK CHAYNIK;1,000;9,80;
364;RAPOO ANDROID KEYBORD E6500;1,000;10,00;
365;RAPOO IPAD KEYBORD E6300 ;2,000;10,00;
366;RECKE AIR CONDITIONER RAC-24INV, RC-ISAC24;2,000;390,00;
367;RECKE AIR CONDITIONER RC-FSAC60;1,000;1 200,00;
368;RECKE AIR CONDITIONER RC-ISAC18R32;14,000;319,04;
369;RECKE AIR CONDITIONER RC-SAC09R32;12,000;160,06;
370;RECKE AIR CONDITIONER RC-SAC12R32;21,000;185,73;
371;RECKE AIR CONDITIONER RC-TISAC12;6,000;241,32;
372;RECKE AIR CONDITIONER RC-WAC12K;5,000;187,43;
373;RECKE AIR CONDITIONER RC-WAC7K;5,000;135,60;
374;RECKE CHEST FREEZER CF-BD418;1,000;255,00;
375;RECKE REFRIGERATOR FB-HD-366FWEN-X (CE-BCD280WE-ST) 280Lt;2,000;210,00;
376;RECKE REFRIGERATOR FB-HD-468FWEN-W (CE-BCD360WE-JQ) 360Lt;1,000;270,00;
377;RECKE REFRIGERATOR FB-HD-468FWEN-X (CE-BCD360WE-JQ) 360Lt;1,000;280,00;
378;RECKE TV LED 50Z1;2,000;186,91;
379;RECKE TV LED 50Z1 QLED;1,000;184,28;
380;RECKE TV LED 55Z1;2,000;230,00;
381;RECKE TV LED 75Z1;3,000;471,11;
382;RECKE TV LED 75Z1 QLED;2,000;480,00;
383;RECKE TV LED 85Z1;1,000;720,00;
384;RECKE TV LED 86Z1;1,000;750,00;
385;RECKE TV LED 86Z1 QLED;1,000;770,00;
386;RECKE WASHING MACHINE FBD60-1014DPZBG;2,000;175,00;
387;RECKE WASHING MACHINE FBD60-1014DPZBW;2,000;160,00;
388;RECKE WASHING MACHINE FBD60-1016DPAZB;2,000;160,00;
389;RECKE WASHING MACHINE FBD60-1016DPZB;3,000;166,67;
390;RECKE WASHING MACHINE FBD80-1214DPZBG;3,000;190,00;
391;RECKE WASHING MACHINE FBD80-1214DPZBW;3,000;185,00;
392;RECKE WATER HEATER D100-15L3 CAPACITY 100L;1,000;93,34;
393;RECKE WATER HEATER D30-15L1 CAPACITY 30L;1,000;55,00;
394;RECKE WATER HEATER D50-15L2 CAPACITY 50L;3,000;65,00;
395;RECKE WATER HEATER D80-15L3 CAPACITY 80L;2,000;79,22;
396;REDMI 15 6+128 GB MIDNIGHT BLACK PROCHIY;2,000;122,00;
397;REDMI 15C 8+256 GB BLACK PROCHIY;1,000;112,66;
398;REDMI A5 3+64 GB BLACK PROCHIY;1,000;64,00;
399;REDMI A5 4+128 GB BLACK PROCHIY;1,000;75,00;
400;REDMI A5 4+128 GB BLUE PROCHIY;1,000;75,00;
401;Redmi Note 14 pro 12/512 Blue (1 year);1,000;344,00;
402;Redmi Note 15 6/128 Black (1year);5,000;151,00;
403;Redmi Note 15 6/128 black Prochyy 1 yyl;3,000;159,00;
404;Redmi Note 15 6/128 blue Prochyy 1 yyl;1,000;159,00;
405;Redmi Note 15 6/128 purple Prochyy 1 yyl;1,000;159,00;
406;REDMI NOTE 15 6+128 GB BLACK PROCHIY;2,000;158,32;
407;Redmi Note 15 8/128 black Prochyy 1 yyl ;3,000;168,00;
408;Redmi Note 15 8/128 Purple (1year);1,000;162,00;
409;Redmi Note 15 8/256 Black (1 year);2,000;170,00;
410;Redmi Note 15 8/256 Blue (1 year);1,000;170,00;
411;Redmi Note 15 8/256 Purple Prochyy  1 yyl;1,000;178,00;
412;REDMI NOTE 15 8+128 GB BLACK PROCHIY;4,000;170,77;
413;Redmi Note 15 pro 12/512 Blue (1 year);3,000;272,00;
414;Redmi Note 15 pro 8/256 Blue (1 year);1,000;220,00;
415;Redmi Note pro 15 8/256 Black Prochyy 1 yyl;2,000;222,00;
416;RF01DRB33A32N0SA/WT;1,000;410,00;
417;RF01DRB37A5200EL/WT;1,000;485,00;
418;RF01DRB37A5200SA/WT;1,000;490,00;
419;RF01DRS70F65Q1TWT;1,000;830,00;
420;RF01DRS80F65M1WWT;1,000;1 050,00;
421;ROWENTA AIR HUMIDIFIER HU4020F0;1,000;122,00;
422;ROWENTA AIR PURIFIER PU6080F0;1,000;140,00;
423;ROWENTA CF-6220 FO FEN;1,000;55,00;
424;ROWENTA CV-9920FO FEN;1,000;75,00;
425;Rowenta CV8830F0 FEN;1,000;30,00;
426;Saachi Frozer Yogurt Maker NLFY2351;1,000;30,00;
427;Samsung A17 4/128 Black (1 year);2,000;140,00;
428;Samsung A17 4/128 Blue (1 year);1,000;140,00;
429;Samsung A17 4/128 Gray (1 year);2,000;140,00;
430;SAMSUNG AIR CONDITIONER AR09TXHQASINUA КОМПЛЕКТ;2,000;230,00;
431;SAMSUNG AIR CONDITIONER AR12BQHQASINER;1,000;270,00;
432;SAMSUNG AIR CONDITIONER AR12BSFCMWKXER КОМПЛЕКТ;1,000;360,00;
433;SAMSUNG AIR CONDITIONER AR60F09C1DWNER;2,000;100,00;
434;SAMSUNG AIR CONDITIONER AR60F09C1DWXER;2,000;220,00;
435;SAMSUNG AIR CONDITIONER AR60F12C1DWNER;1,000;100,00;
436;SAMSUNG AIR CONDITIONER AR60F12C1DWXER;1,000;260,00;
437;SAMSUNG AIR DRESSER DF24CB9900CRLP;1,000;1 500,00;
438;SAMSUNG CASE VG-SCLA00G/RU;1,000;38,00;
439;SAMSUNG CASE VG-SCLB00YR/RU;1,000;20,00;
440;SAMSUNG COOKER HOOD NK24C5070US/UR;1,000;225,00;
441;SAMSUNG COOKER HOOD NK24M5060SS/UR;2,000;215,00;
442;SAMSUNG COOKER HOOD NK24M5070BS/UR;1,000;217,50;
443;SAMSUNG COOKER HOOD NK24M7070VB/UR;2,000;305,00;
444;SAMSUNG DISHWASHER BUILT IN DW60M5050BB/WT;2,000;350,00;
445;SAMSUNG DISHWASHER DW50R4040BB/WT;2,000;256,67;
446;SAMSUNG DISHWASHER DW50R4050FW/WT;3,000;280,00;
447;SAMSUNG DISHWASHER DW60R7070BB/WT;1,000;480,00;
448;SAMSUNG ELECTRIC COOKTOP NZ63F3NM1AB/WT;1,000;290,00;
449;SAMSUNG ELECTRIC COOKTOP NZ64T3506AK/WT;6,000;170,00;
450;SAMSUNG ELECTRIC COOKTOP NZ64T3516CK/WT;2,000;220,00;
451;SAMSUNG ELECTRIC COOKTOP NZ64T3516QK/WT;2,000;230,00;
452;SAMSUNG ELECTRIC COOKTOP NZ64T3536DK/WT;1,000;240,00;
453;SAMSUNG ELECTRIC OVEN NQ50T9539BD/WT;2,000;625,00;
454;SAMSUNG ELECTRIC OVEN NV68A1110BB/WT;1,000;250,00;
455;SAMSUNG ELECTRIC OVEN NV68A1110BS/WT;1,000;240,00;
456;SAMSUNG ELECTRIC OVEN NV68A1145RK/WT;1,000;260,00;
457;SAMSUNG ELECTRIC OVEN NV68R2340RS/SL;1,000;300,00;
458;SAMSUNG ELECTRIC OVEN NV75R5641RS/WT;2,000;550,00;
459;SAMSUNG ELECTRIC OVEN NV75R7646RB;1,000;600,00;
460;SAMSUNG ELECTRIC OVEN NV75T9979CD/WT;1,000;650,00;
461;SAMSUNG ELECTRIC OVEN NV7B41201AK/WT;2,000;350,00;
462;SAMSUNG ELECTRIC OVEN NV7B4120ZAW/WT;2,000;330,00;
463;SAMSUNG ELECTRIC OVEN NV7B4420ZAW/WT;1,000;445,00;
464;SAMSUNG ELECTRIC OVEN NV7B4445UAS/WT;2,000;400,00;
465;Samsung ELECTRIC OVEN OV01DNV7B4125ZAS/WT;2,000;356,25;
466;Samsung Galaxy A36 5G 8+128 GB Awesome Black;2,000;137,26;
467;Samsung Galaxy A36 5G 8+256 GB AWESOME BLACK;5,000;234,14;
468;Samsung Galaxy Tab A11 4+64 GB Silver;1,000;127,67;
469;Samsung Galaxy Tab A11 Plus 6+128 GB Silver;1,000;220,53;
470;Samsung GALAXY Z FOLD 7 12+256 GB SILVER SHADOW;1,000;1 307,59;
471;SAMSUNG GALLAXY TAB S8 PLUS 5G 8+128 GB BLACK PROCHIY;1,000;650,00;
472;SAMSUNG GAS COOKTOP  NA64A3010AK;1,000;160,00;
473;SAMSUNG GAS COOKTOP NA64H3010BK/WT;1,000;170,00;
474;SAMSUNG GAS COOKTOP NA64H3030AK/WT;2,000;180,00;
475;SAMSUNG GAS COOKTOP NA64H3030AS/WT;2,000;195,00;
476;SAMSUNG KITCHEN HOOD NK24M3050PS/U1;3,000;119,00;
477;SAMSUNG MICROWAVE OVEN ME88SUB/BW;1,000;75,00;
478;SAMSUNG MICROWAVE OVEN ME88SUG/BW;1,000;85,00;
479;SAMSUNG MICROWAVE OVEN MG22M8054AK/BW;2,000;190,00;
480;SAMSUNG MICROWAVE OVEN MG23T5018AN/BW;2,000;110,00;
481;SAMSUNG MICROWAVE OVEN MG30T5018AG/BW;2,000;111,00;
482;SAMSUNG MICROWAVE OVEN MS20A7013AB/BW;3,000;153,75;
483;SAMSUNG MICROWAVE OVEN MS23F301TAW/BW;1,000;90,00;
484;SAMSUNG MICROWAVE OVEN MS23F302TAK/BW;1,000;80,00;
485;SAMSUNG MICROWAVE OVEN MS23F302TAS/BW;2,000;80,00;
486;SAMSUNG MICROWAVE OVEN MS23T5018AG/BW;4,000;105,00;
487;SAMSUNG REFRIGERATOR BRB70F26D1S0WT;2,000;640,00;
488;SAMSUNG REFRIGERATOR BRB70F30A1S0WT;2,000;760,00;
489;SAMSUNG REFRIGERATOR RB29FERNDWW/RS;1,000;410,00;
490;SAMSUNG REFRIGERATOR RB31FERNDSA/WT;1,000;445,00;
491;SAMSUNG REFRIGERATOR RB31FERNDWW/WT;1,000;435,00;
492;SAMSUNG REFRIGERATOR RB33A32N0SA/WT;2,000;450,00;
493;SAMSUNG REFRIGERATOR RB53DG703EB1WT;1,000;692,50;
494;SAMSUNG REFRIGERATOR RB53DG703ES9WT;1,000;710,00;
495;SAMSUNG REFRIGERATOR RF48A4000B4/WT;1,000;870,00;
496;SAMSUNG REFRIGERATOR RS80F65J1FWT;2,000;1 150,00;
497;SAMSUNG REFRIGERATOR RT53K6510EF/WT;1,000;650,00;
498;SAMSUNG TV LED QA75Q8FA;2,000;1 230,00;
499;SAMSUNG TV LED QA98Q7F;1,000;3 700,00;
500;SAMSUNG TV LED QE65LS03BAUXCE;1,000;970,00;
501;SAMSUNG TV LED QE85QN800DUXCE;2,000;3 462,50;
502;SAMSUNG TV LED QE85QN85DBUXCE;1,000;3 670,48;
503;SAMSUNG TV LED UA43F6000FU ;2,000;205,00;
504;SAMSUNG TV LED UA50U8000F;2,000;320,00;
505;SAMSUNG TV LED UA55U8000F;2,000;390,00;
506;SAMSUNG TV LED UA65U8000F;1,000;550,00;
507;SAMSUNG TV LED UE55DU8000UXCE;1,000;400,00;
508;SAMSUNG TV LED UE65DU7100UXCE;2,000;482,10;
509;Samsung TV QA75Q70DAUXCE;2,000;1 100,00;
510;Samsung TV UA65DU7000;1,000;450,00;
511;Samsung TV UA98DU9000DAUXE;1,000;1 950,00;
512;Samsung TV UE85DU7100DAUXE;2,000;1 000,00;
513;SAMSUNG VACUUM CLEANER VC15K4116VR/EV;3,000;87,00;
514;SAMSUNG VACUUM CLEANER VC15K4136HB/EV;5,000;100,00;
515;SAMSUNG VACUUM CLEANER VC15K4136VL/EV;3,000;91,67;
516;SAMSUNG VACUUM CLEANER VC18M21C0VR/EV;3,000;60,00;
517;SAMSUNG VACUUM CLEANER VC18M31A0HU/EV;1,000;70,00;
518;SAMSUNG VACUUM CLEANER VC20M2520JP;1,000;70,00;
519;SAMSUNG VACUUM CLEANER VC20M2560JP/EV;1,000;72,00;
520;SAMSUNG VACUUM CLEANER VC20M257AWR/EV;5,000;65,00;
521;SAMSUNG VACUUM CLEANER VC21K5150HP/EV;4,000;113,17;
522;SAMSUNG VACUUM CLEANER VCC4520S36/XEV;1,000;55,00;
523;SAMSUNG VACUUM CLEANER VCC4520S3R/XEV;4,000;50,83;
524;SAMSUNG VACUUM CLEANER VCC4581;1,000;55,00;
525;SAMSUNG VACUUM CLEANER VCC5241S3K/XEV;4,000;48,50;
526;SAMSUNG VACUUM CLEANER VCC5252V33/XEV;5,000;51,12;
527;SAMSUNG VACUUM CLEANER VCC8835V37/XEV;2,000;85,45;
528;SAMSUNG VACUUM CLEANER VR7MD97714G/EV;1,000;730,00;
529;SAMSUNG VACUUM CLEANER VS20B75ADR5/EV;1,000;265,00;
530;SAMSUNG VACUUM CLEANER VS80F28DLP/EV;2,000;465,00;
531;SAMSUNG WASHING MACHINE AWD10T654CBH/LD;2,000;540,00;
532;SAMSUNG WASHING MACHINE WD10T654CBH/LD;1,000;560,00;
533;SAMSUNG WASHING MACHINE WD80T554CBT/LD;1,000;450,00;
534;SAMSUNG WASHING MACHINE WD80T554CBX/LD;3,000;480,00;
535;SAMSUNG WASHING MACHINE WD90A7M48PH/LD;1,000;650,00;
536;SAMSUNG WASHING MACHINE WW60AG4S00CELD;2,000;245,00;
537;SAMSUNG WASHING MACHINE WW65AG4S21CELD;4,000;264,00;
538;SAMSUNG WASHING MACHINE WW65AG4S21CXLD;2,000;285,00;
539;SAMSUNG WASHING MACHINE WW65AG4S21CXLD;1,000;275,00;
540;SAMSUNG WASHING MACHINE WW70AG5S21CXLD;2,000;289,59;
541;SAMSUNG WASHING MACHINE WW70AG5S21CXLD;2,000;300,00;
542;SAMSUNG WASHING MACHINE WW80AG6S24ANLD;1,000;345,00;
543;SAMSUNG WASHING MACHINE WW80AG6S24AWLD;1,000;340,00;
544;SAMSUNG WASHING MACHINE WW80AGAS22AELD;2,000;311,25;
545;SAMSUNG WASHING MACHINE WW90DG6U94LBLD;1,000;422,22;
546;SAMSUNG WASHING MACHINE WW90DG6U94LKLD;3,000;343,33;
547;Samsung Watch Ultra 47mm Titanium Gray;1,000;274,09;
548;SARAY 6040 3000W OBOGREWATEL;1,000;32,00;
549;SCILTECH 64T KRONSHTEYN;1,000;7,50;
550;SCILTECH SH05D KRONSHTEYN;1,000;3,50;
551;SCILTECH SH32P KRONSHTEYN;1,000;7,00;
552;SENSSUN EK-518 TEREZI;1,000;20,00;
553;SHAMDAN 3004 OBOGREWATEL;1,000;32,00;
554;SIMBO SSI-890 UTUG;1,000;15,00;
555;SIMFER FS7300A MOROZILNIK;1,000;410,00;
556;SIMFER S3150WT OBOGREWATEL;1,000;73,00;
557;SKYWORTH D1321BE2C WSTROYNAYA POSUDOMOYKA;1,000;200,00;
558;SKYWORTH TV 50G66G;2,000;225,00;
559;SKYWORTH TV 50Q67H;2,000;270,00;
560;SKYWORTH TV 50QLED SUE9500/300;3,000;260,00;
561;SKYWORTH TV 55G66G;1,000;275,00;
562;SKYWORTH TV 55Q67G;2,000;320,00;
563;SKYWORTH TV 55Q67H;2,000;300,00;
564;SKYWORTH TV 55Q75G;2,000;350,00;
565;SKYWORTH TV 65G66H;2,000;400,00;
566;SKYWORTH TV 65Q67H;2,000;435,00;
567;SKYWORTH TV 75Q67H;2,000;650,00;
568;SKYWORTH TV 75Q75G;2,000;700,00;
569;SOKANY SK-03043 BLENDER;1,000;18,90;
570;SOKANY SK-06011 IZMELCHITEL;1,000;12,90;
571;SOKANY SK-07055  7LT MULTIWARKA;1,000;36,00;
572;SOKANY SK-1027 ELEKTRIK CHAYNIK;1,000;11,50;
573;SOKANY SK-1029 ELEKTRIK CHAYNIK;1,000;6,20;
574;Sokany SK-1032 ELEKTRIK CHAYNIK;1,000;10,90;
575;SOKANY SK-1068 SAMOWAR;1,000;30,00;
576;SOKANY SK-15019 SACH UTUG;2,000;14,50;
577;SOKANY SK-17006 3.IN1 EPILYATOR ;1,000;10,00;
578;SOKANY SK-1729 BLENDER;1,000;13,00;
579;SOKANY SK-1737 500ML 100W BLENDER ;2,000;15,00;
580;SOKANY SK-327 WAFELNITSA;1,000;9,20;
581;SOKANY SK-999 BLENDER;1,000;19,60;
582;SOKANY SK-SH-1076 ELEKTRIK CHAYNIK;2,000;6,50;
583;SOKANY SOK-311 EPILYATOR;1,000;9,00;
584;SOKANY YS-8103C Fen;1,000;10,00;
585;SOLTAN 1312 gaz plita;1,000;30,00;
586;SONIFER SF-1141 NABOR POSUDY;1,000;27,00;
587;SONIFER SF-3055 ELEKTRIK BLINISSA;1,000;6,00;
588;SONIFER SF-3527 KOFEMOLKA ;2,000;12,80;
589;SONIFER SF-3581 KOFEWARKA;1,000;47,50;
590;SONIFER SF-3587 KOFEWARKA;1,000;94,00;
591;SONIFER SF-5018 1500W MYASORUBKA ;1,000;33,90;
592;SONIFER SF-5527 1,0L 800W SOKOWYJYMALKA ;1,000;38,40;
593;SONIFER SF-5543 2.0L 1000W SOKOWYJYMALKA;1,000;41,00;
594;SONIFER SF-5547 SOKOWYJYMALKA;1,000;44,00;
595;SONIFER SF-6081 WAFELNISA;1,000;12,00;
596;SONIFER SF-6202 1400W PROIZWODITEL;1,000;13,20;
597;Sonifer SF-6517 OBOGREWATEL;1,000;42,50;
598;SONIFER SF-6525 1,6L 130W GENERATOR ;1,000;69,00;
599;SONIFER SF-6529 1,3L 100W LDO GENERATOR;1,000;56,00;
600;SONIFER SF-6535 2000W OBOGREWATEL;1,000;28,00;
601;SONIFER SF-6536 2000W OBOGREWATEL;1,000;42,00;
602;SONIFER SF-8030 500W RUCHNOY BLENDER ;1,000;9,90;
603;SONIFER SF-8064 5,5L 1400W MIXER ;1,000;60,20;
604;SONIFER SF-8070 BLENDER;2,000;14,00;
605;Sonifer SF-8082 12LT MIXER;1,000;103,60;
606;SONIFER SF-8114 BLENDER;1,000;38,40;
607;SONIFER SF-8122 4LT IZMECITEL;2,000;13,80;
608;SONIFER SF-8159 4 IN1 2LT 1200W BLENDER ;1,000;26,30;
609;SONIFER SF-8178 BLENDER;2,000;9,70;
610;Sonifer SF-8181 BLENDER;1,000;9,50;
611;Sonifer SF-8183 3 IN 1 BLENDER;1,000;26,50;
612;SONIFER SF-9016 UTUG;1,000;13,50;
613;SONIFER SF-9092 UTUG;2,000;18,60;
614;SONIFER SF-9108 UTUG;2,000;12,80;
615;SS01DS70TR.ARUSLLK;1,000;260,00;
616;SS02DS80TR.DRUSLLK;1,000;370,00;
617;SS02DXL5S.DRUSLLK;1,000;230,00;
618;SUPER MAX TVQE85Q80DAU;1,000;650,00;
619;SUPERMAX BD-310P MOROZILKA;1,000;180,00;
620;SUPERMAX BD-360F MOROZILKA;1,000;190,00;
621;SUPERMAX BD-360G MOROZILKA;1,000;190,00;
622;SUPERMAX BD-410G MOROZILKA;1,000;250,00;
623;SUPERMAX F-1060SL22 STIRALNAYA MASHINA 6 kg;1,000;145,00;
624;SUPERMAX FV3001RG PAROWOY UTUG;1,000;17,00;
625;SUPERMAX FV3002GR PAROWOY UTUG;2,000;17,00;
626;SUPERMAX FV3005PL PAROWOY UTUG;1,000;17,00;
627;SUPERMAX MG-750BK MYASORUBKA;2,000;60,00;
628;SUPERMAX MG-750BW MYASORUBKA;2,000;60,00;
629;SUPERMAX MS2075GDW MIKROWOLNOWKA;1,000;35,00;
630;SUPERMAX NF-402NX HOLODILNIK;1,000;240,00;
631;SUPERMAX NF-492W HOLODILNIK;1,000;300,00;
632;SUPERMAX PRO R100V BOYLER;1,000;110,00;
633;SUPERMAX TV QE65Q80DAU;1,000;335,00;
634;TCL TAC-18ONF/RIF KONDISIONER;2,000;306,67;
635;Tecno Camon 30 8/256 Black (1year);1,000;178,00;
636;Tecno Camon 30 8/256 White (1year);1,000;178,00;
637;Tecno Camon 50 pro 8/256 Black (1year);4,000;283,00;
638;Tecno Camon 50 Pro 8/256 Black Prochyy;1,000;280,00;
639;Tecno Camon 50 Pro 8/256 Titanium Prochyy;1,000;280,00;
640;Tefal 04090128 Stekl kryshka /Glass cap 28;1,000;8,00;
641;TEFAL BL985A31 BLENDER ;5,000;135,00;
642;TEFAL CM290838 COFFEE MACHINE ;2,000;37,78;
643;TEFAL CMMF2100097755 IDEAL PAN 32X24 CM ;1,000;54,44;
644;TEFAL FF162131 FRYER ;3,000;60,33;
645;TEFAL FF175D71 FRYER ;1,000;57,00;
646;TEFAL FF203130 FRITYURNISA;10,000;44,00;
647;TEFAL FF215D30 FRYER ;1,000;65,00;
648;TEFAL FR314030 FRYER ;9,000;73,33;
649;TEFAL FR480015-TA FRITYURNISA;1,000;100,00;
650;TEFAL FR495070 FRYER ;2,000;96,00;
651;TEFAL FV9845M0 UTUG;1,000;78,00;
652;TEFAL FV9848 UTUG PROCHIY;2,000;85,00;
653;TEFAL FZ720015 MULTIPECH;4,000;150,00;
654;Tefal GC712834 GRILL;1,000;127,50;
655;Tefal GC712D28 GRILL;1,000;85,00;
656;TEFAL GC715D28 OptiGrill plus ;1,000;240,00;
657;TEFAL GC724D12 ELECTROGRILL;1,000;191,33;
658;TEFAL GV9221E0 UTUG PAROGENERATOR PROCHIY;2,000;190,00;
659;TEFAL GV9230E0 UTUG PAROGENERATOR PROCHIY;2,000;190,00;
660;TEFAL GV9550E0 UTUG PAROGENERATOR PROCHIY;1,000;193,34;
661;TEFAL GV9712E0 PARAGENERATOR;1,000;180,00;
662;TEFAL GV9720E0 PARAGENERATOR;2,000;235,00;
663;TEFAL GV9810E0 UTUG PAROGENERATOR PROCHIY;1,000;250,00;
664;TEFAL J4092413 Silikonovaya forma /Silicone mold;3,000;10,00;
665;TEFAL K1220205 20cm KUHONNYY NOJ PROCHIY;1,000;10,00;
666;TEFAL K1221205 20SM NOJ;1,000;10,00;
667;TEFAL K2320414 20cm NOJ DLYA HLEBA PROCHIY;3,000;15,00;
668;TEFAL PF610138 HLEBOPECHKA;1,000;145,00;
669;TEFAL RK901832FD MULTIWARKA;1,000;100,00;
670;TEFAL гладильная система QT1511E0;1,000;200,00;
671;TEFAL Отпариватель IT3470E1;2,000;85,00;
672;TEFAL Отпариватель IT8470M0;2,000;125,00;
673;TEFAL Отпариватель IT8480E1;1,000;125,00;
674;TEFAL отпариватель IT8490M0;2,000;125,00;
675;TEFAL утюг FV2839E0;2,000;34,00;
676;TEFAL Утюг FV5820G0;2,000;45,00;
677;TEFAL утюг FV6832M0;2,000;67,00;
678;TEFAL утюг FV8062E0;1,000;75,00;
679;TEFALотпариватель IT2461E0;2,000;73,00;
680;TEMIOV TM-376A PYCHAK NABOR;1,000;7,20;
681;TENDA D301 ROUTER;3,000;8,00;
682;ToaTronics Ultrasonic Cool Mist Humidifier  Cool, LED Power Display 4 liter;1,000;95,00;
683;TV01D16DLED65Z1;4,000;368,00;
684;TV02DLED86UT81006LA;1,000;1 200,00;
685;TV16DQLED65Z1;2,000;386,67;
686;UAKEEN  ZL-807 UTUG;1,000;14,80;
687;UAKEEN VK-119 CAYNIK;2,000;16,50;
688;UAKEEN VK-120 7PCS PYCHAK NABOR;1,000;25,10;
689;UAKEEN VK-1220 skoworoda;1,000;12,00;
690;UAKEEN VK-14 NABOR SKOWORODOK 20SM 24SM 28SM 3 prs;1,000;14,60;
691;UAKEEN VK-1408 10 PCS NABOR POSUDY;1,000;71,00;
692;UAKEEN VK-301 2.6LT 20SM KASTRYUL;2,000;12,10;
693;UAKEEN VK-302 4.5LT 24SM KASTRYUL;1,000;14,80;
694;UAKEEN VK-303 7LT 28SM KASTRYUL;1,000;17,90;
695;UAKEEN VK-304 9.9LT 32SM KASTRYUL;2,000;21,90;
696;UAKEEN VK-305 2LT 24SM SKOWORODKA;2,000;13,60;
697;UAKEEN VK-306 2.2LT 28SM SKOWORODKA;2,000;15,50;
698;UAKEEN VK-35 7PCS NABOR POSUDY;1,000;64,00;
699;UAKEEN VK-38 MULTIWARKA;1,000;28,00;
700;UAKEEN VK-48 NABOR POSUDY 10 prs;1,000;44,00;
701;UAKEEN VK-624 3.8LT 24SM GAZAN;1,000;17,80;
702;UAKEEN VK-628 6.2LT 28SM GAZAN;1,000;25,80;
703;UAKEEN VK-91 24SM SKOWORODKA;1,000;4,50;
704;UAKEEN VK-92 26SM SKOWORODKA;2,000;4,90;
705;UAKEEN VK-94 SKOWORODA;1,000;6,00;
706;Uakeen VK-JG2528 28sm 2,4litr SKOWORODA;1,000;16,60;
707;Uakeen VK-JP2520 20sm 1,0litr SKOWORODA;1,000;11,00;
708;Uakeen VK-JP2522 22sm 1,3litr SKOWORODA;1,000;11,70;
709;Uakeen VK-JP2524 24sm 1,7litr SKOWORODA;1,000;12,30;
710;UAKEEN VK-N1816 1.5LT 16SM KASTRYULYA;1,000;10,10;
711;UAKEEN VK-N2518  2LT 18SM KASTRYULYA;1,000;12,80;
712;Uakeen VK-PZ1824 SKOWORODKA DLYA PIZZA;1,000;8,40;
713;Uakeen VK-PZ1828 SKOWORODKA DLYA PIZZA ;1,000;9,40;
714;UAKEEN VK-S2528 KASTRYULYA;1,000;19,60;
715;UAKEEN VK-T2520  2.6LT 20SM KASTRYULYA;1,000;14,70;
716;UAKEEN VK-T2524  4.5LT 24SM KASTRYULYA;1,000;17,50;
717;UAKEEN VK-T2526  5.5LT 26SM KASTRYULYA;1,000;18,50;
718;UAKEEN VK-T2528 7LT 28SM KASTRYULYA;1,000;19,60;
719;UAKEEN VK-T2530 9LT 30SM KASTRYULYA;1,000;21,60;
720;UAKEEN VK-T620 2.4LT 20SM GAZAN;1,000;13,50;
721;UAKEEN VK-W2530 4.5LT 30SM KASTRYULYA;1,000;17,80;
722;UAKEEN ZL-006 2,2L 2200W ELEKTRIK CHAYNIK;1,000;13,40;
723;UAKEEN ZL-031 2.0L 2200W ELEKTRIK CHAYNIK;1,000;15,80;
724;UAKEEN ZL-041 ELEKTRIK CHAYNIK;2,000;17,50;
725;UAKEEN ZL-042 ELEKTRIK CHAYNIK;2,000;17,50;
726;UAKEEN ZL-105 3.0L 1200W IZMELCHITEL ;1,000;8,00;
727;UAKEEN ZL-1104 PAR UTUG;2,000;24,80;
728;UAKEEN ZL-1311 BLENDER;1,000;32,00;
729;UAKEEN ZL-1312 BLENDER;1,000;33,90;
730;UAKEEN ZL-1504 COFFEMASHINE;1,000;300,00;
731;UAKEEN ZL-1703 AEROGRILL;1,000;38,00;
732;UAKEEN ZL-1706 AEROGRILL;1,000;38,00;
733;UAKEEN ZL-204 PAR UTUG;1,000;13,00;
734;UAKEEN ZL-206 PAR UTUG;1,000;11,50;
735;UAKEEN ZL-211 1500 W OTPARIWATEL;1,000;10,80;
736;UAKEEN ZL-213 1800 W OTPARIWATEL;1,000;14,20;
737;UAKEEN ZL-214 OTPARIWATEL;1,000;12,20;
738;UAKEEN ZL-217 2000 W RUCHNOY OTPARIWATEL DLYA ODEJDY ;2,000;14,20;
739;UAKEEN ZL-219 2000 W RUCHNOY OTPARIWATEL DLYA ODEJDY ;1,000;13,40;
740;UAKEEN ZL-224 PAR UTUG;1,000;13,40;
741;UAKEEN ZL-2508 SAMOWAR;1,000;29,00;
742;Uakeen ZL-308 PAR UTUG;1,000;44,00;
743;UAKEEN ZL-412 ELEKTRO GRILL ;1,000;18,50;
744;UAKEEN ZL-513 BLENDER;1,000;15,50;
745;UAKEEN ZL-608 3000W MYASORUBKA ;2,000;79,00;
746;UAKEEN ZL-610 MYASORUBKA;1,000;32,50;
747;UAKEEN ZL-611 MYASORUBKA;1,000;48,60;
748;UAKEEN ZL-612 MYASORUBKA;2,000;41,00;
749;UAKEEN ZL-614 MYASORUBKA;1,000;55,50;
750;UAKEEN ZL-706 SOKOWYJYMALKA;1,000;44,50;
751;UAKEEN ZL-801 UTUK ;1,000;12,80;
752;UAKEEN ZL-810 2400W PARAWOY UTUG ;1,000;14,80;
753;UAKEEN ZL-814 3000 W PAR UTUG ;1,000;16,00;
754;UAKEEN ZL-817 PAR UTUG;1,000;12,80;
755;UAKEEN ZL-820 2400 W ELEKTRICESKIY PARAWOY UTUG;2,000;9,50;
756;UAKEEN ZL-822 2600W UTUG;1,000;12,50;
757;UAKEEN ZL-823 2600W UTUG;1,000;12,80;
758;UAKEEN ZZ-24801 MIXER;1,000;112,50;
759;UAKEEN ZZ-24802 1200W BLENDER ;1,000;45,50;
760;UNEST U2655P Tv podstawka;1,000;8,00;
761;UNEST U3282P KRONSHTEYN;4,000;7,00;
762;UNIT WALL 460MM split podstawka ;7,000;10,00;
763;VACUUM CLEANER  VS15A6031R4/EV;1,000;175,00;
764;VACUUM CLEANER OLER 2800W PYLESOS;1,000;30,00;
765;VACUUM CLEANER Sonifer SF-2269 21litr PYLESOS;1,000;32,50;
766;VACUUM CLEANER SONIFER SF-2272 3LT PYLESOS;1,000;52,50;
767;VACUUM CLEANER UAKEEN ZL-900 PYLESOS;1,000;47,00;
768;VACUUM CLEANER UAKEEN ZL-902 PYLESOS ;1,000;47,50;
769;VACUUM CLEANER UAKEEN ZL-907 PYLESOS;2,000;43,00;
770;VACUUM CLEANER UAKEEN ZL-926 PYLESOS;2,000;117,00;
771;VACUUM CLEANER UAKEEN ZL-927 2.3LT PYLESOS;1,000;139,00;
772;VACUUM CLEANER UAKEEN ZZ-25007 PYLESOS;2,000;140,00;
773;VACUUM CLEANER UAKEEN ZZ-25013 PYLESOS;1,000;66,00;
774;VACUUM CLEANER UAKEEN ZZ-25017 PYLESOS;1,000;68,00;
775;VACUUM CLEANER VC18M21A0SB/EV;2,000;60,67;
776;VACUUM CLEANER VC18M3120VB/EV;5,000;65,80;
777;VACUUM CLEANER VC18M31A0HP/EV;2,000;67,00;
778;VACUUM CLEANER VC20M253AWR/EV;3,000;54,20;
779;VACUUM CLEANER VC20M2540JN/EV;3,000;66,31;
780;VACUUM CLEANER VC20M255AWB/EV;3,000;58,00;
781;VACUUM CLEANER VCC4520S3S/XEV;1,000;47,54;
782;VACUUM CLEANER VCC8874H35/XEV;1,000;90,84;
783;VACUUM CLEANER Weltoz WZ-630 25 litr PYLESOS;1,000;37,50;
784;VGR V-140 MASHYNKA DLYA STRIJKI ;1,000;19,80;
785;VGR V-308 ELEKTROBRITWA;1,000;12,00;
786;VGR V-320 elektrobritwa;1,000;15,10;
787;VGR V-335 elektrobritwa;1,000;15,60;
788;VGR V-336 ELEKTROBRITWA;1,000;15,10;
789;VGR V-340 MASHYNKA DLYA STRIJKI;1,000;10,60;
790;VGR V-385 MASHYNKA DLYA STRIJKI  ;1,000;13,60;
791;VGR V-388 ELEKTROBRITWA;1,000;20,60;
792;VGR V-399 elektrobritwa;1,000;12,80;
793;VGR V-401 FEN;2,000;36,50;
794;VGR V-415 PROFESSIONALNY TERMO FEN ;1,000;11,00;
795;VGR V-450 FEN;2,000;13,90;
796;VGR V-461 FEN ;1,000;11,70;
797;VGR V-474 4 IN 1 1100W FEN-SHYOTKA DLYA WOLOS;1,000;44,20;
798;VGR V-510 SACH UTUG;1,000;8,90;
799;VGR V-518 SACH UTUG;1,000;7,40;
800;VGR V-519C SACH UTUG;1,000;7,80;
801;VGR V-583 220C SACH UTUG DLYA UKLADKI WOLOS ;1,000;17,60;
802;VGR V-625 TRIMER (ELEKTROBRITWA);1,000;8,00;
803;VGR V-640 S3 MASHYNKA DLYA STRIJKI;1,000;50,00;
804;VGR V-713 EPILYATOR;1,000;8,80;
805;VGR V-733 EPILYATOR 3IN1 ;1,000;13,00;
806;VGR V-752 EPILYATOR 5 IN1 ;1,000;14,70;
807;VGR V-758 EPILYATOR;1,000;8,00;
808;VITEK VT-8130 (plesos);1,000;10,00;
809;WIRELESS REPEATER MERCUSYS NW300RE 1xLAN 100MPBS/2x ANT 300MBPS/2.4GHZ/WHITE (NETNW300RE);1,000;13,00;
810;WIRELESS REPEATER TENDA A9 /2xANT/100MB/S/2.4GHZ/WHITE (NETTA9);1,000;13,00;
811;WIRELESS REPEATER TP-LINK TL-WA801ND 1xLAN 100MBPS/2xANT 300MBPS/2.4GHZ/WHITE [TL-WA801ND] (NETTPLWA;1,000;18,00;
812;WIRELESS ROUTER TENDA 4G09 4G LTE 1xWAN/1xLAN 300MBPS/2xANT 300MBPS/2.4GHZ/5.8HZ/WHITE (NET4G09);1,000;90,00;
813;WIRELESS ROUTER TP-LINK TL-MR100 4G LTE 1xWAN/2xLAN 300MBPS/2xANT 300MBPS/2.4GHZ/BLACK (NETTMR100);1,000;39,00;
814;WIRELESS USB ADAPTER TP-LINK TL-WN823N WITHOUT ANT 300MBPS/2.4GHZ/MINI BLACK [TL-WN823N] (NETADTPTLW;1,000;7,00;
815;YALI A1-60 PYCHAK KITAP ;2,000;5,10;
